commune,emi.pol2012.nox[0],emi.pol2010.nox[0],emi.pol2012.nox[1],emi.pol2010.nox[1],emi.pol2012.nox[2],emi.pol2010.nox[2]
11001,7157.292061628999,6846.292061629,7157.292061629,13692.584123258,7482.4195629289,6846.292061629
11002,1555.115402347,1948.115402347,1555.115402347,3110.230804694,1555.115402347,1948.115402347
11003,4481.329529946672,4713.3295299467,4481.3295299467,8962.6590598934,2240.6647649733,4713.3295299467
11004,4672.275480306,4473.275480306,9344.550960612,18689.101921224,4672.275480306,8946.550960612
11005,31899.73513363221,31563.7351336322,31899.7351336322,63799.4702672644,15949.8675668161,31563.7351336322
11006,2183.2857083839995,1835.285708384,4366.571416768,4366.571416768,2183.285708384,1835.285708384
11007,6647.877942304596,6261.8779423046,13295.7558846092,26591.5117692184,3323.9389711523,6261.8779423046
11008,21830.71916117402,21782.719161174,21830.719161174,43661.438322348,21830.719161174,21782.719161174
